,sales_rep,total_amount
0,Andrews,438.37
1,Gill,1749.8700000000001
2,Howard,536.75
3,Jardine,2812.19
4,Jones,2363.04
5,Kivell,3109.44
6,Morgan,1387.77
7,Parent,3102.3
8,Smith,1641.43
9,Sorvino,1283.6100000000001
10,Thompson,1203.1100000000001
